guess_word,taboo_word1,taboo_word2,taboo_word3,taboo_word4,taboo_word5
Strawberry,fruit,red,fields,cream,jam
Blister,sunburn,bubble,shoes,skin,rub
Dare,truth,challenge,courage,bold,risk
Humor,comedy,jokes,laugh,funny,sense
beaver,tail,animal,tree,dam,gnaw
gate,garden,open,close,fence,door
mermaid,women,fish,half,tail,sea
question mark,punctuation,sentence,exclamation,period,ask
scale,fish,weigh,diet,climb,pounds
shadow,sunlight,shade,eye,casts,me
grain,bread,whole,wood,wheat,flour
ribs,barbecue,chest,meat,bones,spare
archery,bow,arrow,shoot,target,katniss everdeen
jock,strap,school,athlete,sports,play
pen,write,ballpoint,felt-tip,pal,ink
stop,light,sign,pause,quit,red
immortal,die,live,forever,eternity,vampire
odor,smell,stink,scent,nose,fragrance
rugby,sport,football,british,contact,shorts
twins,babies,five,birth,double,baseball
paparazzi,photographer,journalist,camera,celebrity,chase
mud,dirt,sling,wet,puddle,rain
bulb,light,glass,watt,tulip,plant
initial,letter,first,beginning,name,capitalize
skill,talent,craft,aptitude,training,ability
chocolate,cocoa,bar,vanilla,candy,chip
helmet,head,bicycle,protect,safety,injury
nest,bird,eggs,tree,home,build
slice,cut,bread,knife,cake,pizza
stamp,postage,envelope,letter,lick,feet
empathy,relate,feel,others,understanding,compassion
knot,tie,rope,loop,shoelace,tangle
bicycle,wheel,handlebars,pedal,two,ride
supply,stock,give,provide,demand,side
thumb,finger,hand,drive,tack,suck
pencil,draw,write,eraser,sharpen,ink
text,cell,phone,message,type,mobile
quit,resign,stop,give up,job,fire
garden,plant,flower,grow,lawn,vegetable
chimney,fireplace,smoke,house,brick,stove
poker,game,cards,gamble,las vegas,ace
omelet,egg,scramble,filling,fry,spanish
grand,parent,thousand,stand,piano,big
cart,horse,wheel,pull,golf,ride
contact lens,eye,see,vision,glasses,disposable
drive,car,highway,license,golf,vehicle
off,on,shut,light switch,turn,wrong
zodiac,twelve,stars,future,predict,sign
puppy,dog,small,playful,furry,kitten
paper towel,roll,toilet,dry,hands,dispenser
drip,water,wet,trickle,leak,rain

